period_end,m_0005,m_0015,m_0016,m_0017,m_0018,m_0019,m_0020,m_0021,m_0022,m_0026,m_0027,m_0028,m_0029,m_0030,available_date
2000-01-31,,,,,,1425.0,99.8,,,16093.9,46570.1,118907.8,32055670.0,,2000-03-01
2000-02-29,,,,,8.6,2475.0,100.7,,,13983.0,44679.2,119353.6,28203989.0,,2000-03-30
2000-03-31,,,,,8.5,4316.0,99.8,,,13235.4,45158.45,120399.58,37960060.0,,2000-04-30
2000-04-30,,,,,9.3,6060.0,99.7,,,13675.5,46319.03,121914.77,38861187.0,,2000-05-30
2000-05-31,,,,,9.5,7724.0,100.1,,,13075.45,46490.23,121902.65,37071604.0,,2000-06-30
2000-06-30,,,,,12.1,10101.0,100.5,,,13006.04,48024.4,124486.78,42494372.0,,2000-07-30
2000-07-31,,,,,12.6,11891.0,100.5,,,13156.47,47803.09,124192.78,40970137.0,,2000-08-30
2000-08-31,,,,,12.7,13787.0,100.3,,,13378.68,48885.38,125673.26,44116925.0,,2000-09-30
2000-09-30,,,,,12.9,15732.0,100.0,,,13894.69,50616.89,128352.61,43688324.0,,2000-10-30
2000-10-31,,,,,12.6,17493.0,100.0,,,13589.45,49952.84,127432.53,41716375.0,,2000-11-30
2000-11-30,,,,,11.7,19700.0,101.3,,,13877.7,50787.49,128887.4,43795763.0,,2000-12-30
2000-12-31,,,,,9.7,22532.0,101.5,,,14652.65,53147.15,132487.52,43400399.0,,2001-01-30
2001-01-31,,,,,,1628.0,100.9,,,17018.98,54406.23,135685.99,32471478.0,,2001-03-02
2001-02-28,,,,,16.7,3205.0,100.1,,,14910.39,51997.68,134390.49,37424240.0,,2001-03-30
2001-03-31,,,,,15.1,5309.0,99.4,,,14362.12,53033.36,136915.12,43911529.0,,2001-04-30
2001-04-30,,,,,16.5,7433.0,100.2,,,14622.99,53261.32,138121.03,44651461.0,,2001-05-30
2001-05-31,,,,,17.6,,99.5,,,13942.28,52542.99,137219.27,39622274.0,,2001-06-30
2001-06-30,,,,,17.9,11991.0,98.8,,,13943.44,55187.36,141885.6,43332569.0,,2001-07-30
2001-07-31,,,,,18.4,14058.0,99.5,,,14071.62,53502.8,140076.48,43843192.0,,2001-08-30
2001-08-31,,,,,18.9,16344.0,100.1,,,14370.13,55808.92,143787.3,45701658.0,,2001-09-30
2001-09-30,,,,,18.2,18585.0,100.9,,,15064.6,56824.0,151822.6,45839966.0,,2001-10-30
2001-10-31,,,,,17.4,20549.0,100.3,,,14484.61,56114.9,146157.58,41692335.0,,2001-11-30
2001-11-30,,,,,16.3,,99.8,,,14780.0,56579.6,154088.3,44844778.0,,2001-12-30
2001-12-31,,,,,13.7,,100.1,,,15688.8,59871.59,152888.5,46892684.0,,2002-01-30
2002-01-31,,,,,,2370.0,100.3,,,16727.06,60577.23,157853.45,40673708.0,,2002-03-02
2002-02-28,,,,,24.5,3963.0,101.1,,,16642.65,58703.97,159182.97,35055616.0,,2002-03-30
2002-03-31,,,,,26.1,6171.0,98.7,,,15545.47,59475.67,162300.93,46301912.0,,2002-04-30
2002-04-30,,,,,27.1,8920.0,99.7,,,15864.91,60462.04,162825.22,52475399.0,,2002-05-30
2002-05-31,,,,,25.8,11612.0,99.7,,,15243.74,61247.53,164268.36,47077295.0,,2002-06-30
2002-06-30,,,,,24.4,15155.0,99.1,,,15098.04,63144.69,167869.41,49106904.0,,2002-07-30
2002-07-31,,,,,24.1,18526.0,99.3,,,15358.29,63488.41,169122.95,56197636.0,,2002-08-30
2002-08-31,,,,,24.2,21470.0,100.3,,,15713.28,64869.5,171524.2,56642337.0,,2002-09-30
2002-09-30,,,,,24.3,24771.0,101.0,,,16234.11,66800.29,175254.87,61704894.0,,2002-10-30
2002-10-31,,,,,24.1,27630.0,100.2,,,16015.18,67100.77,175534.74,55143413.0,,2002-11-30
2002-11-30,,,,,23.4,30728.0,99.9,,,16346.89,67993.28,178018.43,59943788.0,,2002-12-30
2002-12-31,,,,,17.4,34171.0,100.3,,,17278.43,70882.19,183246.94,60622072.0,,2003-01-30
2003-01-31,,,,,,3349.0,101.1,,,21245.12,72406.05,188918.38,60791757.0,,2003-03-02
2003-02-28,,,,,32.8,5392.0,100.9,,,17937.58,69757.05,188444.37,48235241.0,,2003-03-30
2003-03-31,,,,,31.6,8624.0,99.4,,,17106.89,71439.21,192832.44,64640400.0,,2003-04-30
2003-04-30,,,,,30.5,12198.0,99.8,,,17441.44,71321.54,194476.98,70218283.0,,2003-05-30
2003-05-31,,,,,31.7,15175.0,99.3,,,17115.34,72778.15,197811.96,65446377.0,,2003-06-30
2003-06-30,,,,,32.8,18877.0,98.8,,,16957.18,75923.52,203071.74,66812034.0,,2003-07-30
2003-07-31,,,,,32.7,22245.0,99.5,,,17362.4,76153.04,204381.1,74623274.0,,2003-08-30
2003-08-31,,,,,32.4,25730.0,100.7,,,17607.08,77033.3,208692.4,72036403.0,,2003-09-30
2003-09-30,,,,,31.4,29539.0,101.2,,,18306.62,79164.14,211611.5,83593034.0,,2003-10-30
2003-10-31,,,,,30.2,32696.0,100.9,,,18250.94,80267.37,212505.4,76118408.0,,2003-11-30
2003-11-30,,,,,29.6,36616.0,101.0,,,18439.85,80815.22,214358.84,78655255.0,,2003-12-30
2003-12-31,,,,,28.4,41081.0,100.6,,,19746.23,84118.81,219226.81,90397705.0,,2004-01-30
2004-01-31,,,,,,2940.0,101.1,,,22287.43,83805.9,225101.93,71448799.0,,2004-03-01
2004-02-29,,,,,53.0,6025.0,99.8,,,19893.44,83556.43,227050.72,76187481.0,,2004-03-30
2004-03-31,,,,,47.8,10312.0,100.3,,,19297.43,85815.57,231654.6,92235758.0,,2004-04-30
2004-04-30,,,,,42.8,14328.0,100.5,,,19878.4,85603.64,233627.86,96498300.0,,2004-05-30
2004-05-31,,,,,34.8,17359.0,99.9,,,19048.43,86780.37,234842.4,87632915.0,,2004-06-30
2004-06-30,,,,,31.0,21688.0,99.3,,,19017.58,88627.14,238427.49,99149006.0,,2004-07-30
2004-07-31,,,,,31.1,25217.0,99.8,,,19048.43,86780.37,234842.4,99976214.0,,2004-08-30
2004-08-31,,,,,30.3,28748.0,100.7,,,19517.94,89125.33,239729.19,98310791.0,,2004-09-30
2004-09-30,,,,,29.9,32279.0,101.1,,,20524.0,90439.0,243757.0,106613957.0,,2004-10-30
2004-10-31,,,,,29.5,35202.0,100.0,,,20078.0,90782.0,243740.0,97957453.0,,2004-11-30
2004-11-30,,,,,28.9,39291.0,99.7,,,20209.25,92387.13,247135.58,111955162.0,,2004-12-30
2004-12-31,,,,,27.6,43664.0,100.1,,,21468.3,95970.82,253207.7,116492514.0,,2005-01-30
2005-01-31,,,54.7,,,3563.0,100.6,,,24015.41,97079.03,257708.47,95016344.0,,2005-03-02
2005-02-28,,,54.5,,24.5,5444.0,101.8,,,22667.97,92814.95,259357.29,84189386.0,,2005-03-30
2005-03-31,,,57.9,,25.3,9305.0,99.1,,,21238.95,94743.19,264588.94,116005232.0,,2005-04-30
2005-04-30,,,56.7,,25.7,13092.0,99.7,,,21666.56,94593.72,266992.66,119711424.0,,2005-05-30
2005-05-31,,,52.9,,26.4,16437.0,99.8,,,20811.59,95802.01,269240.49,107865453.0,,2005-06-30
2005-06-30,,,51.7,,27.1,21212.0,99.2,,,20848.76,98601.25,275785.53,122241579.0,,2005-07-30
2005-07-31,,,51.1,,27.2,24652.0,100.0,,,21171.2,97674.1,276966.28,120622786.0,,2005-08-30
2005-08-31,,,52.6,,27.4,28393.0,100.2,,,21351.56,99377.7,281288.22,126206291.0,,2005-09-30
2005-09-30,,,55.1,,27.7,32223.0,100.7,,,22272.92,100964.0,287438.27,132808633.0,,2005-10-30
2005-10-31,,,54.1,,27.6,35300.0,100.4,,,21892.98,101751.98,287591.61,124168029.0,,2005-11-30
2005-11-30,,,54.1,,27.8,39679.0,99.7,,,22409.39,104125.78,292350.39,133904978.0,,2005-12-30
2005-12-31,,,54.3,,27.2,44001.0,100.4,,,24031.67,107278.57,298755.48,139808390.0,,2006-01-30
2006-01-31,,,52.1,,,3044.0,101.3,,,29310.37,107250.68,303571.65,120485642.0,,2006-03-02
2006-02-28,,,52.1,,26.6,5136.0,100.5,,,24482.02,104357.08,304516.27,105792012.0,,2006-03-30
2006-03-31,,,55.3,,29.8,8909.0,99.1,,,23472.03,106737.08,310490.65,144902969.0,,2006-04-30
2006-04-30,,,58.1,,29.6,12639.0,100.2,,,24155.73,106389.11,313702.34,143439532.0,,2006-05-30
2006-05-31,,,54.8,,30.3,15659.0,99.9,,,23465.32,109219.22,316709.81,133223612.0,,2006-06-30
2006-06-30,,,54.1,,31.3,19750.0,99.5,,,23469.08,112342.36,322756.35,148119519.0,,2006-07-30
2006-07-31,,,52.4,,30.5,22772.0,99.7,,,23752.59,112653.04,324010.76,146050666.0,,2006-08-30
2006-08-31,,,53.1,,29.1,26227.0,100.3,,,24185.36,114845.67,327885.67,162735898.0,,2006-09-30
2006-09-30,,,57.0,,28.2,30021.0,100.5,,,25687.38,116814.1,331865.36,167971961.0,,2006-10-30
2006-10-31,,,54.7,,26.8,33068.0,100.1,,,24964.16,118359.96,332747.17,152424888.0,,2006-11-30
2006-11-30,,,55.3,,26.6,37019.0,100.3,,,25527.25,121644.95,337504.15,168780985.0,,2006-12-30
2006-12-31,,,54.8,,24.5,41473.0,101.4,,,27072.62,126028.05,345577.91,167190806.0,,2007-01-30
2007-01-31,,,55.1,,,3370.0,100.7,,,27949.13,128484.06,351498.77,157358930.0,60.4,2007-03-02
2007-02-28,,,53.1,,23.4,5716.0,101.0,,,30627.93,126258.08,358659.25,140434953.0,60.6,2007-03-30
2007-03-31,,,56.1,,25.3,9297.0,99.7,,,27387.95,127881.31,364104.66,159976870.0,58.2,2007-04-30
2007-04-30,,,58.6,,25.5,12349.0,99.9,,,27813.88,127678.33,367326.45,178054164.0,60.4,2007-05-30
2007-05-31,,,55.7,,25.9,15072.0,100.3,,,26727.97,130275.8,369718.15,165655863.0,62.2,2007-06-30
2007-06-30,,,54.5,,26.7,18683.0,100.4,,,26881.09,135847.4,377832.15,179626502.0,60.0,2007-07-30
2007-07-31,,,53.3,,26.6,21698.0,100.9,,,27326.26,136237.43,383884.88,191131293.0,59.4,2007-08-30
2007-08-31,,,54.0,,26.7,24848.0,101.2,,,27822.39,140993.21,387205.04,197735485.0,61.7,2007-09-30
2007-09-30,,,56.1,,26.4,28206.0,100.3,,,29030.58,142591.57,393098.91,200940255.0,61.9,2007-10-30
2007-10-31,,,53.2,,26.9,30826.0,100.3,,,28317.78,144649.33,394204.17,188397323.0,61.4,2007-11-30
2007-11-30,,,55.4,,26.8,34419.0,100.7,,,28987.92,148009.82,399757.91,208960363.0,60.6,2007-12-30
2007-12-31,,,55.3,,25.8,37871.0,101.0,,,30334.32,152519.17,403401.3,206144967.0,60.2,2008-01-30
2008-01-31,,,53.0,,,2918.0,101.2,,,36673.15,154872.59,417846.17,199814476.0,60.2,2008-03-01
2008-02-29,,,53.4,,24.3,4372.0,102.6,,,32454.47,150177.88,421037.84,166180930.0,59.3,2008-03-30
2008-03-31,,,58.4,,25.9,6949.0,99.3,,,30433.07,150867.47,423054.53,204519033.0,58.9,2008-04-30
2008-04-30,,,59.2,,25.7,9490.0,100.1,,,30789.61,151694.91,429313.72,220873768.0,58.4,2008-05-30
2008-05-31,,,53.3,,25.6,11915.0,99.6,,,30169.3,153344.75,436221.6,220782553.0,57.4,2008-06-30
2008-06-30,,,52.0,,26.8,14544.0,99.8,,,30181.32,154820.15,443141.02,221359490.0,57.4,2008-07-30
2008-07-31,,,48.4,,27.3,16891.0,100.1,,,30687.19,154992.44,446362.17,248072192.0,55.7,2008-08-30
2008-08-31,,,48.4,,27.4,18797.0,99.9,,,30851.62,156889.92,448846.68,241051168.0,52.9,2008-09-30
2008-09-30,,,51.2,,27.6,20801.0,100.0,,,31724.88,155748.97,452898.71,243497362.0,55.0,2008-10-30
2008-10-31,,,44.6,,27.2,22736.0,99.7,,,31317.84,157194.36,453133.32,221414714.0,53.1,2008-11-30
2008-11-30,,,38.8,,26.8,24952.0,99.2,,,31607.36,157826.63,458644.66,189884755.0,51.2,2008-12-30
2008-12-31,,,41.2,,26.1,27514.0,99.8,,,34218.96,166217.13,475166.6,183334407.0,50.8,2009-01-30
2009-01-31,,,45.3,,,1496.0,100.9,,,41082.37,165214.34,496135.31,141797865.0,53.7,2009-03-02
2009-02-28,,,49.0,,26.5,2761.0,100.0,,,35141.64,166149.6,506708.07,124948306.0,55.1,2009-03-30
2009-03-31,,,52.4,,28.6,4554.0,99.7,,,33746.42,176541.13,530626.71,162019659.0,54.4,2009-04-30
2009-04-30,,,53.5,,30.5,6241.0,99.8,,,34257.27,178213.57,540481.21,170734409.0,53.5,2009-05-30
2009-05-31,,,53.1,,32.9,7890.0,99.7,,,33559.52,182025.58,548263.51,164127242.0,54.9,2009-06-30
2009-06-30,,,53.2,,33.6,10419.0,99.5,,,33640.98,193138.15,568916.2,182570753.0,55.4,2009-07-30
2009-07-31,,,53.3,,32.9,12264.0,100.0,,,34239.3,195889.27,573102.85,200210823.0,57.3,2009-08-30
2009-08-31,,,54.0,,33.0,14131.0,100.5,,,34406.62,200394.83,576698.95,191702243.0,57.3,2009-09-30
2009-09-30,,,54.3,,33.3,16348.0,100.4,,,36787.89,201708.14,585405.34,218943864.0,57.9,2009-10-30
2009-10-31,,,55.2,,33.1,18163.0,99.9,,,35730.23,207545.74,586643.29,197537132.0,59.5,2009-11-30
2009-11-30,,,55.2,,32.1,20600.0,100.3,,,36343.86,212493.2,594604.72,208213860.0,58.4,2009-12-30
2009-12-31,,,56.6,,30.5,23435.0,101.0,,,38246.97,221445.81,610224.52,243017595.0,58.8,2010-01-30
2010-01-31,,,55.8,,,1866.0,100.6,,,40758.58,229588.98,625609.29,204782346.0,58.1,2010-03-02
2010-02-28,,,52.0,,26.6,3163.0,101.2,,,42865.79,224286.95,636072.26,181433048.0,57.0,2010-03-30
2010-03-31,,,55.1,,26.4,5459.0,99.3,,,39080.58,229397.93,649947.46,231459885.0,57.3,2010-04-30
2010-04-30,,,55.7,,26.1,7506.0,100.2,,,39657.54,233909.76,656561.22,238160128.0,57.8,2010-05-30
2010-05-31,,,53.9,,25.9,9638.0,99.9,,,38652.97,236497.88,663351.37,243988412.0,58.1,2010-06-30
2010-06-30,,,52.1,,25.5,12377.0,99.4,,,38904.85,240580.0,673921.72,254769304.0,58.8,2010-07-30
2010-07-31,,,51.2,,24.9,14459.0,100.4,,,39543.16,240664.07,674051.48,262308256.0,57.1,2010-08-30
2010-08-31,,,51.7,,24.8,16721.0,100.6,,,39922.76,244340.64,687506.92,258568382.0,58.0,2010-09-30
2010-09-30,,,53.8,,24.5,19209.0,100.6,,,41854.41,243821.9,696471.5,273095589.0,57.9,2010-10-30
2010-10-31,,,54.7,,24.4,21181.0,100.7,,,41646.21,253313.17,699776.74,244811120.0,57.4,2010-11-30
2010-11-30,,,55.2,,24.9,24302.0,101.1,,,42252.16,259420.32,710339.03,283761707.0,58.9,2010-12-30
2010-12-31,,,53.9,,24.5,27406.0,100.5,,,44628.17,266621.54,725851.79,295217729.0,58.8,2011-01-30
2011-01-31,,,52.9,,,2243.0,101.0,100.9,101.2,58063.94,261765.01,733884.83,295007361.0,57.2,2011-03-02
2011-02-28,,,52.2,,24.9,3399.0,101.2,100.8,101.2,47270.24,259200.5,736130.86,200800092.0,57.0,2011-03-30
2011-03-31,,,53.4,,25.0,5937.0,99.8,100.6,101.0,44845.22,266255.48,758130.88,304259379.0,59.2,2011-04-30
2011-04-30,,,52.9,100.2,25.4,8152.0,100.1,100.5,101.0,45489.03,266766.91,757384.56,299947165.0,58.2,2011-05-30
2011-05-31,,,52.0,100.1,25.8,10543.0,100.1,100.3,100.5,44602.83,269289.63,763409.22,301267415.0,58.7,2011-06-30
2011-06-30,,,50.9,100.2,25.6,13462.0,100.3,100.0,100.2,44477.8,274662.57,780820.85,301688971.0,56.6,2011-07-30
2011-07-31,,,50.7,100.3,25.4,15600.0,100.5,100.0,100.1,45183.1,270545.65,772923.65,318772463.0,57.3,2011-08-30
2011-08-31,,,50.9,100.3,25.0,18006.0,100.3,100.1,100.2,45775.29,273393.77,780852.3,328872435.0,57.1,2011-09-30
2011-09-30,,,51.2,100.5,24.9,20407.0,100.5,100.0,100.1,47145.29,267193.16,787406.2,324832092.0,55.8,2011-10-30
2011-10-31,,,50.4,99.9,24.9,22368.0,100.1,99.3,99.3,46579.39,276552.67,816829.25,297948470.0,55.5,2011-11-30
2011-11-30,,,49.0,99.9,24.5,25086.0,99.8,99.3,99.3,47317.26,281416.37,825493.94,334400118.0,55.9,2011-12-30
2011-12-31,,,50.3,100.4,23.8,27712.0,100.3,99.7,99.6,50748.46,289847.7,851590.9,332914539.0,56.3,2012-01-30
2012-01-31,,,50.5,101.2,,1402.0,101.5,99.9,99.7,59820.72,270010.4,855898.89,272600339.0,55.7,2012-03-01
2012-02-29,,,51.0,100.0,21.5,3005.0,99.9,100.1,100.1,51448.78,270312.11,867171.42,260424706.0,57.3,2012-03-30
2012-03-31,,,53.1,100.3,20.9,5379.0,100.2,100.3,100.1,49595.74,277998.11,895565.5,325968900.0,58.0,2012-04-30
2012-04-30,,,53.3,99.9,20.2,7016.0,99.9,100.2,100.0,50199.32,274983.82,889604.04,308076236.0,56.1,2012-05-30
2012-05-31,,,50.4,99.5,20.1,9261.0,99.7,99.6,99.7,49039.72,278656.31,900048.77,343582201.0,55.2,2012-06-30
2012-06-30,,,50.2,99.2,20.4,11705.0,99.4,99.3,99.2,49284.64,287526.17,924991.2,328686836.0,56.7,2012-07-30
2012-07-31,,,50.1,99.7,20.4,13677.0,100.1,99.2,99.2,49705.85,283090.68,919072.4,328733311.0,55.6,2012-08-30
2012-08-31,,,49.2,100.6,20.2,15777.0,100.6,99.5,99.5,50235.06,285739.27,924894.59,329286043.0,56.3,2012-09-30
2012-09-30,,,49.8,100.4,20.5,18025.0,100.3,99.9,100.1,53433.49,286788.21,943688.75,345029990.0,53.7,2012-10-30
2012-10-31,,,50.2,99.9,20.7,20021.0,99.9,100.2,100.1,51467.71,293309.78,936404.28,319095518.0,55.5,2012-11-30
2012-11-30,,,50.6,100.2,20.7,22503.0,100.1,99.9,99.8,52392.12,296883.0,944832.4,339128259.0,55.6,2012-12-30
2012-12-31,,,50.6,100.7,20.6,24925.0,100.8,99.9,99.9,54659.81,308672.99,974159.46,366840927.0,56.1,2013-01-30
2013-01-31,,,50.4,100.9,,1883.0,101.0,100.2,100.3,62449.63,311228.55,992129.25,345584884.0,56.2,2013-03-02
2013-02-28,,,50.1,100.8,21.2,2915.0,101.1,100.2,100.2,60313.65,296103.24,998600.83,263509010.0,54.5,2013-03-30
2013-03-31,,,50.9,99.1,20.9,4822.0,99.1,100.0,99.9,55460.52,310898.29,1035858.37,365203096.0,55.6,2013-04-30
2013-04-30,,,50.6,100.0,20.6,6687.0,100.2,99.4,99.4,55607.15,307648.42,1032551.9,355961467.0,54.5,2013-05-30
2013-05-31,,,50.8,99.3,20.4,8609.0,99.4,99.4,99.4,54431.39,310204.48,1042169.16,345107274.0,54.3,2013-06-30
2013-06-30,,,50.1,99.9,20.1,10630.0,100.0,99.4,99.5,54063.91,313499.82,1054403.69,321507187.0,53.9,2013-07-30
2013-07-31,,,50.3,99.9,20.1,12626.0,100.1,99.7,99.6,54412.78,310596.46,1052212.34,354164683.0,54.1,2013-08-30
2013-08-31,,,51.0,100.5,20.3,14480.0,100.5,100.1,100.1,54925.35,314085.91,1061256.43,352697865.0,53.9,2013-09-30
2013-09-30,,,51.1,100.7,20.2,16351.0,100.8,100.2,100.2,56492.53,312330.34,1077379.16,356069938.0,55.4,2013-10-30
2013-10-31,,,51.4,99.9,20.1,18184.0,100.1,100.0,100.1,55595.72,319509.38,1070242.17,339704440.0,56.3,2013-11-30
2013-11-30,,,51.4,99.9,19.9,20434.0,99.9,100.0,100.0,56441.27,324821.92,1079257.06,370608687.0,56.0,2013-12-30
2013-12-31,,,51.0,100.3,19.6,22773.0,100.3,100.0,100.0,58574.44,337291.05,1106524.98,389843996.0,54.6,2014-01-30
2014-01-31,,,50.5,100.8,,1719.0,101.0,99.9,99.9,76488.6,314900.55,1123521.21,382394944.0,53.4,2014-03-02
2014-02-28,,,50.2,100.5,17.9,2764.0,100.5,99.8,99.7,62320.95,316625.11,1131760.83,251176182.0,55.0,2014-03-30
2014-03-31,,,50.3,99.6,17.6,4787.0,99.5,99.7,99.5,58329.3,327683.74,1160687.38,332512681.0,54.5,2014-04-30
2014-04-30,,,50.4,99.5,17.3,6661.0,99.7,99.8,99.6,58615.54,324482.52,1168812.67,358628525.0,54.8,2014-05-30
2014-05-31,,,50.8,100.1,17.2,8744.0,100.1,99.9,99.9,58051.11,327839.56,1182293.96,355024110.0,55.5,2014-06-30
2014-06-30,,,51.0,99.8,17.3,10973.0,99.9,99.8,99.9,56951.05,341487.45,1209587.2,342012378.0,55.0,2014-07-30
2014-07-31,,,51.7,99.9,17.0,13249.0,100.1,99.9,100.0,57346.5,331347.32,1194249.24,378481575.0,54.2,2014-08-30
2014-08-31,,,51.1,100.1,16.5,15200.0,100.2,99.8,99.9,57997.61,332023.23,1197499.08,367095251.0,54.4,2014-09-30
2014-09-30,,,51.1,100.2,16.1,17247.0,100.5,99.6,99.6,58844.99,327220.21,1202051.41,396411570.0,54.0,2014-10-30
2014-10-31,,,50.8,99.8,15.9,19239.0,100.0,99.6,99.4,57691.64,329617.73,1199236.31,368327943.0,53.8,2014-11-30
2014-11-30,,,50.3,99.8,15.8,21296.0,99.8,99.5,99.3,58438.53,335114.13,1208605.95,368848960.0,53.9,2014-12-30
2014-12-31,,,50.1,100.3,15.7,23778.0,100.3,99.4,99.2,60259.53,348056.41,1228374.81,405413212.0,54.1,2015-01-30
2015-01-31,,,49.8,99.9,,2266.0,100.3,98.9,98.7,63040.51,348109.5,1242710.22,340484185.0,53.7,2015-03-02
2015-02-28,,,49.9,100.9,13.9,3831.0,101.2,99.3,99.0,72896.19,334439.22,1257380.48,277762096.0,53.9,2015-03-30
2015-03-31,,,50.1,99.6,13.5,5861.0,99.5,99.9,99.7,61949.81,337210.52,1275332.78,286055898.0,53.7,2015-04-30
2015-04-30,,,50.1,99.7,12.0,7790.0,99.8,99.7,99.8,60772.46,336388.24,1280779.14,318527152.0,53.4,2015-05-30
2015-05-31,,,50.2,99.9,11.4,9582.0,99.8,99.9,100.0,59075.97,343085.86,1307357.63,321247714.0,53.2,2015-06-30
2015-06-30,,,50.2,100.0,11.4,11914.0,100.0,99.6,99.8,58604.26,356082.86,1333375.36,337412104.0,53.8,2015-07-30
2015-07-31,,,50.0,100.1,11.2,14409.0,100.3,99.3,99.4,59010.71,353122.19,1353210.92,347168095.0,53.9,2015-08-30
2015-08-31,,,49.7,100.3,10.9,16827.0,100.5,99.2,99.3,59061.79,362793.73,1356907.98,333496775.0,53.4,2015-09-30
2015-09-30,,,49.8,99.9,10.3,18980.0,100.1,99.6,99.4,61022.97,364416.9,1359824.06,350767303.0,53.4,2015-10-30
2015-10-31,,,49.8,99.7,10.2,21022.0,99.7,99.6,99.4,59900.48,375806.45,1361020.7,323148187.0,53.1,2015-11-30
2015-11-30,,,49.6,100.0,10.2,23648.0,100.0,99.5,99.3,60328.24,387618.32,1373956.01,339181636.0,53.6,2015-12-30
2015-12-31,,,49.7,100.5,10.0,26575.0,100.5,99.4,99.3,63216.58,400953.44,1392278.11,387977840.0,54.4,2016-01-30
2016-01-31,,,49.4,100.4,,2008.0,100.5,99.5,99.3,72526.51,412685.64,1416319.55,291084568.0,53.5,2016-03-01
2016-02-29,,,49.0,101.2,10.2,3396.0,101.6,99.7,99.5,69421.5,392504.7,1424618.68,219697006.0,52.7,2016-03-30
2016-03-31,,,50.2,99.7,10.7,5956.0,99.6,100.5,100.3,64651.21,411581.31,1446198.03,291769733.0,53.8,2016-04-30
2016-04-30,,,50.1,99.7,10.5,8298.0,99.8,100.7,100.6,64403.17,413504.84,1445209.59,299958011.0,53.5,2016-05-30
2016-05-31,,,50.1,99.7,9.6,10871.0,99.5,100.5,100.6,62780.71,424250.7,1461695.11,312143222.0,53.1,2016-06-30
2016-06-30,,,50.0,99.9,9.0,13402.0,99.9,99.8,100.2,62818.89,443643.7,1490491.83,312459054.0,53.7,2016-07-30
2016-07-31,,,49.9,100.0,8.1,15802.0,100.2,100.2,100.3,63276.01,442934.43,1491558.72,315056873.0,53.9,2016-08-30
2016-08-31,,,50.4,100.0,8.1,18538.0,100.1,100.2,100.2,63454.7,454543.6,1510982.91,329135339.0,53.5,2016-09-30
2016-09-30,,,50.4,100.5,8.2,21292.0,100.7,100.5,100.4,65068.62,454340.25,1516360.5,327018366.0,53.7,2016-10-30
2016-10-31,,,51.2,100.0,8.3,22580.0,99.9,100.7,100.9,64214.93,465446.65,1519485.4,306969670.0,54.0,2016-11-30
2016-11-30,,,51.7,100.3,8.3,24355.0,100.1,101.5,101.8,64903.5,475405.54,1530432.06,342863237.0,54.7,2016-12-30
2016-12-31,,,51.4,100.3,8.1,27900.0,100.2,101.6,101.9,68303.87,486557.24,1550066.67,378016588.0,54.5,2017-01-30
2017-01-31,,,51.3,100.8,,2010.0,101.0,100.8,101.2,86598.61,472526.45,1584194.56,314161658.0,54.6,2017-03-02
2017-02-28,,,51.6,100.0,8.9,3860.0,99.8,100.6,100.8,71727.69,476527.6,1589857.0,249305614.0,54.2,2017-03-30
2017-03-31,,,51.8,99.7,9.2,6383.0,99.7,100.3,100.5,68605.05,488770.09,1607938.98,337284922.0,55.1,2017-04-30
2017-04-30,,,51.2,99.9,8.9,9726.0,100.1,99.6,99.7,68392.6,490180.42,1603918.84,321944001.0,54.0,2017-05-30
2017-05-31,,,51.2,99.8,8.6,12159.0,99.9,99.7,99.7,67333.21,496389.78,1609740.77,341234306.0,54.5,2017-06-30
2017-06-30,,,51.7,99.7,8.6,15053.0,99.8,99.8,99.6,66977.68,510228.17,1639497.05,350429225.0,54.9,2017-07-30
2017-07-31,,,51.4,99.8,8.3,17703.0,100.1,100.2,100.0,67129.04,510484.58,1636341.11,340477446.0,54.5,2017-08-30
2017-08-31,,,51.7,100.4,7.8,20389.0,100.4,100.9,100.8,67550.99,518113.93,1652947.3,356765596.0,53.4,2017-09-30
2017-09-30,,,52.4,100.4,7.5,23541.0,100.5,101.0,101.2,69748.54,517863.04,1663666.05,367856966.0,55.4,2017-10-30
2017-10-31,,,51.6,100.3,7.3,26174.0,100.1,100.7,100.9,68230.69,525977.19,1662449.96,339774414.0,54.3,2017-11-30
2017-11-30,,,51.8,100.2,7.2,30815.0,100.0,100.5,100.6,68623.16,535565.05,1679156.64,394549958.0,54.8,2017-12-30
2017-12-31,,,51.6,100.4,7.2,35652.0,100.3,100.8,100.8,70645.6,543790.15,1690235.31,408908054.0,55.0,2018-01-30
2018-01-31,4.9,5.0,51.3,100.6,,5197.0,100.6,100.3,100.5,74636.29,543247.13,1720814.46,380633747.0,55.3,2018-03-02
2018-02-28,4.8,5.0,50.3,100.7,7.9,8848.0,101.2,99.9,100.1,81424.24,517035.99,1729070.12,309481182.0,54.4,2018-03-30
2018-03-31,4.9,5.1,51.5,99.1,7.5,14340.0,98.9,99.8,99.7,72692.63,523540.07,1739859.48,353225743.0,54.6,2018-04-30
2018-04-30,4.7,4.9,51.4,99.9,7.0,19002.0,99.8,99.8,99.7,71476.46,525447.77,1737683.73,371688501.0,54.8,2018-05-30
2018-05-31,4.7,4.8,51.9,100.0,6.1,24026.0,99.8,100.4,100.3,69774.81,526276.72,1743063.79,400817104.0,54.9,2018-06-30
2018-06-30,4.7,4.8,51.5,100.0,6.0,29591.0,99.9,100.3,100.4,69589.33,543944.71,1770178.37,391724412.0,55.0,2018-07-30
2018-07-31,5.0,5.1,51.2,100.1,5.5,35239.0,100.3,100.1,100.1,69530.59,536624.29,1776196.11,403081000.0,54.0,2018-08-30
2018-08-31,4.9,5.0,51.3,100.5,5.3,41331.0,100.7,100.4,100.5,69775.39,538324.64,1788670.43,406857991.0,54.2,2018-09-30
2018-09-30,4.7,4.9,50.8,100.7,5.4,45922.0,100.7,100.6,100.6,71254.26,538574.08,1801665.58,421671250.0,54.9,2018-10-30
2018-10-31,4.7,4.9,50.2,100.4,5.7,49545.0,100.2,100.4,100.7,70106.62,540128.37,1795561.6,400550396.0,53.9,2018-11-30
2018-11-30,4.7,4.8,50.0,99.6,5.9,54703.0,99.7,99.8,100.0,70563.3,543498.66,1813175.07,410186049.0,53.4,2018-12-30
2018-12-31,4.7,4.9,49.4,99.7,5.9,60533.0,100.0,99.0,99.1,73208.4,551685.91,1826744.22,385442692.0,53.8,2019-01-30
2019-01-31,4.8,5.1,49.5,100.1,,4646.0,100.5,99.4,99.1,87470.62,545638.46,1865935.33,395976434.0,54.7,2019-03-02
2019-02-28,5.0,5.3,49.2,100.8,6.1,6509.0,101.0,99.9,99.9,79484.72,527190.48,1867427.45,266320173.0,54.3,2019-03-30
2019-03-31,5.1,5.2,50.5,100.0,6.3,9616.0,99.6,100.1,100.0,74941.58,547575.54,1889412.14,364640162.0,54.8,2019-04-30
2019-04-30,5.0,5.0,50.1,99.9,6.1,13039.0,100.1,100.3,99.9,73965.76,540614.6,1884670.33,373128980.0,54.3,2019-05-30
2019-05-31,5.0,5.0,49.4,100.1,5.6,16460.0,100.0,100.2,100.0,72798.46,544355.64,1891153.7,386032988.0,54.3,2019-06-30
2019-06-30,5.0,5.1,49.4,99.7,5.8,20131.0,99.9,99.7,99.9,72580.96,567696.18,1921360.19,374695654.0,54.2,2019-07-30
2019-07-31,5.2,5.3,49.7,100.1,5.7,24050.0,100.4,99.8,99.8,72689.25,553043.11,1919410.82,398494544.0,53.7,2019-08-30
2019-08-31,5.2,5.2,49.5,100.5,5.5,27704.0,100.7,99.9,99.8,73152.62,556798.09,1935492.43,394745790.0,53.8,2019-09-30
2019-09-30,5.2,5.2,49.8,100.8,5.4,30871.0,100.9,100.1,100.2,74129.75,557137.95,1952250.49,396597945.0,53.7,2019-10-30
2019-10-31,5.1,5.1,49.3,100.8,5.2,33407.0,100.9,100.1,100.2,73395.4,558143.92,1945600.55,382814169.0,52.8,2019-11-30
2019-11-30,5.1,5.1,50.2,100.4,5.2,36747.0,100.4,99.9,99.9,73973.82,562486.52,1961429.56,404748448.0,54.4,2019-12-30
2019-12-31,5.2,5.2,50.2,100.1,5.4,,100.0,100.0,100.0,77189.47,576009.15,1986488.82,429324834.0,53.5,2020-01-30
2020-01-31,5.2,5.3,50.0,101.0,,,101.4,100.0,100.2,93249.16,545531.79,2023066.49,368492000.0,54.1,2020-03-01
2020-02-29,5.7,6.2,35.7,100.6,-24.5,,100.8,99.5,99.7,88187.05,552700.73,2030830.42,222879878.0,29.6,2020-03-30
2020-03-31,5.7,5.9,52.0,98.7,-16.1,,98.8,99.0,98.9,83022.21,575050.29,2080923.41,350359336.0,52.3,2020-04-30
2020-04-30,5.8,6.0,50.8,98.9,-10.3,,99.1,98.7,97.7,81485.21,570150.48,2093533.83,355134209.0,53.2,2020-05-30
2020-05-31,5.9,5.9,50.6,99.3,-6.3,,99.2,99.6,98.8,79706.83,581111.06,2100183.74,350699571.0,53.6,2020-06-30
2020-06-30,5.8,5.7,50.9,99.9,-3.1,,99.9,100.4,100.4,79459.41,604317.97,2134948.66,380727151.0,54.4,2020-07-30
2020-07-31,5.8,5.7,51.1,100.6,-1.6,,100.6,100.4,100.9,79867.21,591192.64,2125458.46,412933153.0,54.2,2020-08-30
2020-08-31,5.7,5.6,51.0,100.5,-0.3,,100.4,100.3,100.6,80042.71,601289.1,2136836.91,411592986.0,55.2,2020-09-30
2020-09-30,5.5,5.4,51.5,100.1,0.8,,100.2,100.1,100.4,82370.87,602312.12,2164084.8,442516723.0,55.9,2020-10-30
2020-10-31,5.3,5.3,51.4,99.6,1.8,,99.7,100.0,100.2,81036.43,609182.41,2149720.42,415921986.0,56.2,2020-11-30
2020-11-30,5.2,5.2,52.1,99.6,2.6,,99.4,100.5,100.7,81593.61,618632.17,2172002.55,460747151.0,56.4,2020-12-30
2020-12-31,5.1,5.2,51.9,100.9,2.9,,100.7,101.1,101.5,84314.53,625580.99,2186795.89,485681681.0,55.7,2021-01-30
2021-01-31,5.4,5.4,51.3,101.0,,,101.0,101.0,101.4,89625.24,625563.81,2213047.33,462659051.0,52.4,2021-03-02
2021-02-28,5.5,5.5,50.6,100.5,35.0,,100.6,100.8,101.2,91924.6,593487.46,2236030.26,371830507.0,51.4,2021-03-30
2021-03-31,5.3,5.3,51.9,99.9,25.6,,99.5,101.6,101.8,86543.64,616113.17,2276488.45,468470355.0,56.3,2021-04-30
2021-04-30,5.2,5.1,51.1,99.7,19.9,,99.7,100.9,101.3,85803.37,605421.89,2262107.12,484987380.0,54.9,2021-05-30
2021-05-31,5.2,5.0,51.0,100.0,15.4,,99.8,101.6,101.9,84177.72,616828.32,2275538.07,482305116.0,55.2,2021-06-30
2021-06-30,5.2,5.0,50.9,99.8,12.6,,99.6,100.3,100.8,84346.97,637479.36,2317788.36,511307785.0,53.5,2021-07-30
2021-07-31,5.2,5.1,50.4,100.3,10.3,,100.3,100.5,100.9,84717.56,620367.05,2302153.82,508735832.0,53.3,2021-08-30
2021-08-31,5.3,5.1,50.1,100.0,8.9,,100.1,100.7,100.8,85059.2,626658.69,2312267.68,530299727.0,47.5,2021-09-30
2021-09-30,5.0,4.9,49.6,100.1,7.3,,100.0,101.2,101.1,86867.09,624645.68,2342829.7,544716847.0,53.2,2021-10-30
2021-10-31,5.1,4.9,49.2,101.0,6.1,,100.7,102.5,102.6,86085.78,626082.12,2336160.48,515903015.0,52.4,2021-11-30
2021-11-30,5.1,5.0,50.1,100.4,5.2,,100.4,100.0,101.0,87433.41,637482.04,2356012.76,579339168.0,52.3,2021-12-30
2021-12-31,5.1,5.1,50.3,99.5,4.9,,99.7,98.8,98.7,90825.15,647443.35,2382899.56,586534153.0,52.7,2022-01-30
2022-01-31,5.4,5.3,50.1,100.3,,,100.4,99.8,99.6,106188.87,613859.35,2431022.72,569200293.0,51.1,2022-03-02
2022-02-28,5.4,5.5,50.2,100.8,12.2,,100.6,100.5,100.4,97227.7,621612.11,2441488.9,404249368.0,51.6,2022-03-30
2022-03-31,6.0,5.8,49.5,100.6,9.3,,100.0,101.1,101.3,95141.92,645063.8,2497688.34,504788873.0,48.4,2022-04-30
2022-04-30,6.7,6.1,47.4,100.4,6.8,,100.4,100.6,101.3,95626.49,636139.01,2499710.9,496120251.0,41.9,2022-05-30
2022-05-31,6.9,5.9,49.6,99.9,6.2,,99.8,100.1,100.5,95546.86,645107.52,2527026.15,537735611.0,47.8,2022-06-30
2022-06-30,5.8,5.5,50.2,100.2,6.1,,100.0,100.0,100.2,96011.17,674374.81,2581451.2,564587051.0,54.7,2022-07-30
2022-07-31,5.6,5.4,49.0,100.1,5.7,,100.5,98.7,99.1,96509.19,661832.33,2578078.57,564661249.0,53.8,2022-08-30
2022-08-31,5.4,5.3,49.4,99.6,5.8,,99.9,98.8,98.6,97231.03,664604.85,2595068.27,550447670.0,52.6,2022-09-30
2022-09-30,5.8,5.5,50.1,100.3,5.9,,100.3,99.9,99.5,98672.06,664535.17,2626600.92,560767084.0,50.6,2022-10-30
2022-10-31,6.0,5.5,49.2,100.1,5.8,,100.1,100.2,100.3,98416.71,662140.99,2612914.57,511589648.0,48.7,2022-11-30
2022-11-30,6.7,5.7,48.0,99.9,5.3,,99.8,100.1,100.0,99740.12,667042.61,2647008.48,521753372.0,46.7,2022-12-30
2022-12-31,6.1,5.5,47.0,99.7,5.1,,100.0,99.5,99.6,104706.03,671674.76,2664320.84,534144936.0,41.6,2023-01-30
2023-01-31,5.8,5.5,50.1,,,,100.8,99.6,99.3,114601.3,655214.16,2738072.06,484486823.0,54.4,2023-03-02
2023-02-28,5.7,5.6,52.6,,5.5,,99.5,100.0,99.8,107602.58,657938.74,2755249.23,411230628.0,56.3,2023-03-30
2023-03-31,5.5,5.3,51.9,,5.1,,99.7,100.0,100.0,105591.3,678059.63,2814566.31,542987948.0,58.2,2023-04-30
2023-04-30,5.5,5.2,49.2,,4.7,,99.9,99.5,99.3,105904.46,669761.55,2808469.34,500627771.0,56.4,2023-05-30
2023-05-31,5.5,5.2,48.8,,4.0,,99.8,99.1,98.9,104756.71,675252.98,2820504.68,501176023.0,54.5,2023-06-30
2023-06-30,5.5,5.2,49.0,,3.8,,99.8,99.2,98.9,105419.2,695595.48,2873023.83,500023800.0,53.2,2023-07-30
2023-07-31,5.4,5.3,49.3,,3.4,,100.2,99.8,99.5,106129.68,677218.92,2854031.56,482915402.0,51.5,2023-08-30
2023-08-31,5.3,5.2,49.7,,3.2,,100.3,100.2,100.2,106515.36,679588.35,2869343.25,501383692.0,51.0,2023-09-30
2023-09-30,5.2,5.0,50.2,,3.1,,100.2,100.4,100.6,109253.22,678443.65,2896659.11,520427864.0,51.7,2023-10-30
2023-10-31,5.0,5.0,49.5,,2.9,,99.9,100.0,100.2,108565.35,674696.07,2882276.07,493125600.0,50.6,2023-11-30
2023-11-30,5.0,5.0,49.4,,2.9,,99.5,99.7,99.7,110225.18,675903.41,2912014.22,515473900.0,50.2,2023-12-30
2023-12-31,5.0,5.1,49.0,,3.0,,100.1,99.7,99.8,113444.64,680542.52,2922713.33,531896338.0,50.4,2024-01-30
2024-01-31,4.9,5.2,49.2,,,,100.3,99.8,99.8,121398.54,694197.88,2976250.2,530011412.0,50.7,2024-03-01
2024-02-29,5.1,5.3,49.1,,4.2,,101.0,99.8,99.8,121009.93,665916.09,2995572.97,400853131.0,51.4,2024-03-30
2024-03-31,5.1,5.2,50.8,,4.5,,99.0,99.9,99.9,117210.5,685808.9,3047952.16,500812286.0,53.0,2024-04-30
2024-04-30,5.0,5.0,50.4,,4.2,,100.1,99.8,99.7,117310.55,660065.69,3011941.98,512555308.0,51.2,2024-05-30
2024-05-31,4.9,5.0,49.5,,4.0,,99.9,100.2,100.3,117062.72,646842.47,3018506.73,522073917.0,51.1,2024-06-30
2024-06-30,4.9,5.0,49.5,,3.9,,99.8,99.8,100.1,117736.77,660610.52,3050161.54,516662500.0,50.5,2024-07-30
2024-07-31,5.3,5.2,49.4,,3.6,,100.5,99.8,99.9,118840.46,632296.54,3033060.78,516466125.0,50.2,2024-08-30
2024-08-31,5.4,5.3,49.1,,3.4,,100.4,99.3,99.4,119472.57,630238.09,3050461.27,526272970.0,50.3,2024-09-30
2024-09-30,5.1,5.1,49.8,,3.4,,100.0,99.4,99.2,121830.0,628236.54,3094798.24,525713746.0,50.0,2024-10-30
2024-10-31,5.0,5.0,50.1,,3.4,,99.7,99.9,99.7,122447.04,633357.47,3097092.01,522398028.0,50.2,2024-11-30
2024-11-30,5.0,5.0,50.3,,3.3,,99.4,100.1,99.9,124180.26,650904.16,3119587.27,527177794.0,50.0,2024-12-30
2024-12-31,5.0,5.1,50.1,,3.2,,100.0,99.9,99.9,128194.16,670959.41,3135322.3,566416164.0,52.2,2025-01-30
2025-01-31,5.1,5.2,49.1,,,,100.7,99.8,99.8,142254.48,1124457.45,3185247.18,510740164.0,50.2,2025-03-02
2025-02-28,5.2,5.4,50.2,,4.1,,99.8,99.9,99.8,132756.61,1094370.01,3205173.24,398626225.0,50.4,2025-03-30
2025-03-31,5.2,5.2,50.5,,4.2,,99.6,99.6,99.8,130691.86,1134863.1,3260554.57,525181123.0,50.8,2025-04-30
2025-04-30,5.1,5.1,49.0,,4.0,,100.1,99.6,99.4,131387.01,1091407.33,3251739.32,535204603.0,50.4,2025-05-30
2025-05-31,5.0,5.0,49.5,,3.7,,99.8,99.6,99.4,131258.52,1089147.65,3257838.11,528981542.0,50.3,2025-06-30
2025-06-30,5.0,5.0,49.7,,2.8,,99.9,99.6,99.3,131827.18,1139494.08,3302868.17,535714213.0,50.5,2025-07-30
2025-07-31,5.2,5.2,49.3,,1.6,,100.4,99.8,99.7,132844.8,1110586.92,3299429.06,545323230.0,50.1,2025-08-30
2025-08-31,5.3,5.3,49.4,,0.5,,100.0,100.0,100.0,133402.29,1112255.7,3319831.44,541291509.0,50.3,2025-09-30
2025-09-30,5.2,5.2,49.8,,-0.5,,100.1,100.0,100.1,135813.36,1131455.07,3353771.03,566683350.0,50.0,2025-10-30
2025-10-31,5.1,5.1,49.0,,-1.7,,100.2,100.1,100.1,135478.14,1119962.73,3351312.31,520632154.0,50.1,2025-11-30
2025-11-30,5.1,5.1,49.2,,-2.6,,99.9,100.1,100.1,137369.38,1128866.64,3369890.52,549025184.0,49.5,2025-12-30
2025-12-31,5.1,5.1,50.1,,-3.8,,100.2,100.2,100.4,141261.37,1155146.5,3402948.06,601387138.0,50.2,2026-01-30
2026-01-31,5.0,5.2,49.3,,,,100.2,100.4,100.5,146138.6,1179680.52,3471860.39,590758685.0,49.4,2026-03-02
2026-02-28,5.1,5.3,49.0,,1.8,,101.0,100.4,100.7,151400.0,1159300.0,3492200.0,508778475.0,49.5,2026-03-30
2026-03-31,5.3,5.4,50.4,,1.7,,99.3,101.0,101.2,147082.81,1193202.99,3538636.53,590936213.0,50.1,2026-04-30
2026-04-30,5.2,5.2,50.3,,-1.6,,100.3,101.7,102.1,,,,634060348.0,49.4,2026-05-30
2026-05-31,,,50.0,,,,,,,,,,,50.1,2026-06-30
